PDBID,Full_RMSD,Ca_RMSD
1a1m,2.205473,1.004183
1a1n,2.3645816,0.4991825
1a1o,2.1247652,1.0585685
1a9b,2.2158911,1.2760168
1a9e,1.6684594,0.85315025
1agb,1.4474775,0.18622026
1agc,1.4633666,0.29475367
1agd,1.1065422,0.27868414
1age,1.5261782,0.3203735
1agf,1.3301554,0.292113
1b0g,2.3648205,0.8507996
1bd2,1.4525337,0.4872276
1bii,2.5453491,0.96905816
1bz9,1.8364127,1.1365852
1ce6,1.6475755,0.8756329
1cg9,1.8157201,1.2205338
1ddh,2.523825,1.1420313
1duy,2.6669765,0.91925025
1duz,1.5481247,0.5617758
1e27,2.0343409,0.5617192
1e28,1.164697,0.4378361
1eey,1.3928813,0.7660675
1eez,1.3144181,0.6973139
1efx,1.8643806,0.777443
1ffn,1.7513348,0.3548774
1ffo,2.4107413,0.5441166
1ffp,2.281089,0.7541342
1fg2,1.6253124,0.7993244
1fo0,2.189863,0.80897164
1fzj,2.3789294,0.48069054
1fzk,1.3472607,0.81352204
1fzm,2.0459695,0.51305556
1fzo,1.6133791,0.6909405
1g6r,2.5872607,0.47051415
1g7p,2.2020557,1.1098685
1g7q,2.106524,0.734072
1hhh,2.3977087,1.6818124
1hhi,1.3026041,0.45570594
1hhj,1.8238794,0.68876696
1hhk,1.5508583,0.4039476
1hoc,1.7750888,0.6662371
1hsa,1.6810888,0.94992423
1i1f,1.9716878,0.9140008
1i1y,1.9874284,0.80289567
1i4f,1.7819602,0.70776194
1i7r,1.840834,0.6870032
1i7t,2.4907897,1.6520847
1i7u,1.5823929,0.7528052
1im3,0.9827523,0.5010801
1im9,2.3417506,0.81623983
1inq,1.9461164,0.7139971
1jf1,1.7582214,1.3202821
1jgd,2.8060815,0.96924996
1jge,1.3490487,0.63650775
1jht,1.6067901,0.8283082
1jpf,1.7626828,0.7400584
1jpg,1.6804571,0.7240186
1jtr,2.415822,0.58021295
1juf,2.3370316,1.3616151
1k5n,2.231878,0.79141074
1k8d,1.3277687,0.5411876
1kj3,2.1058009,0.92047817
1kjm,1.9858171,1.025432
1kjv,1.9453781,1.0188906
1kpr,1.2711089,0.5231475
1kpu,1.933936,0.77506864
1kpv,1.283869,0.5603877
1ktl,1.5065563,0.6148898
1ld9,1.8335205,0.94754523
1ldp,0.96706474,0.8269382
1leg,2.4402795,0.6519789
1lek,2.4606254,0.507237
1lk2,2.4450684,0.6289358
1m05,1.8362949,0.7681188
1m6o,2.3903332,0.8004239
1mhe,1.8331891,0.620636
1mwa,2.5300956,0.5744935
1n2r,2.4803247,1.4428911
1n3n,1.9856896,1.0532941
1n59,2.4356487,0.5769989
1n5a,1.56077,0.7086417
1nan,2.444741,0.89853704
1of2,3.0529535,0.78234786
1ogt,2.7985058,0.74253726
1p1z,2.1038918,0.5306676
1p4l,2.0549133,0.6092519
1q94,1.9292825,1.0053114
1qew,1.8063308,0.60567874
1qo3,2.3959312,1.5647018
1qqd,2.7216341,0.72017395
1qr1,1.26088,0.5949912
1qvo,1.3171518,0.63737446
1rjy,2.1591136,0.76737094
1rjz,2.3980994,0.5221414
1rk0,2.3603728,0.6136629
1rk1,2.2348764,0.4539834
1s7q,2.2503133,0.96099967
1s7r,2.676331,1.1924953
1s7s,2.006006,0.9933734
1s7t,2.2234588,0.9468439
1s7u,1.5920131,0.78027964
1s7v,1.9285113,1.0268776
1s7w,1.8953663,0.84937865
1s7x,1.5513622,0.47909105
1s8d,1.3096513,0.63993627
1s9w,2.3325906,0.56725687
1s9x,2.1924856,1.1157438
1sys,1.3602445,0.55636454
1syv,2.3651493,1.1427033
1t0m,2.1333632,0.49994016
1t0n,2.244553,0.8989283
1t1w,1.6478508,1.0288725
1t1x,1.798425,0.7975526
1t1y,1.9538354,1.009335
1t1z,2.1171088,1.130495
1t20,1.6396248,0.7778722
1t21,1.8964226,0.69287014
1t22,1.746238,0.7751361
1tvb,1.847019,0.5451575
1tvh,2.4819465,1.3604238
1uxs,2.6279593,0.87820065
1uxw,2.5409613,0.6626408
1vac,1.814753,0.7896808
1vad,2.4443202,1.6354239
1vgk,2.150711,1.3394343
1w0v,2.5407953,0.8706328
1w0w,2.4143007,0.84703
1w72,1.3477609,0.8204546
1wbx,2.2421756,1.2786855
1wby,2.765207,1.0609802
1wbz,2.5092719,0.70332086
1xr8,1.920653,1.0961307
1xr9,1.2515297,0.61018443
1ydp,2.422474,0.8986085
1yn6,2.5192664,1.0861597
1yn7,2.2565212,1.2608705
1zhb,2.4886827,0.8020968
1zsd,1.5705528,0.94283926
1zt1,1.2803221,0.42708564
1zt7,1.9470413,0.56800354
1zvs,1.4518778,0.6276171
2axf,2.1116042,1.453957
2axg,1.4318879,0.9523713
2bck,1.5883882,0.86334234
2bsr,2.3428042,0.9390811
2bss,2.3300753,1.3105928
2bst,3.391272,0.96343166
2bvo,2.2988572,1.4085662
2bvp,1.4195694,0.90535766
2bvq,2.2603054,1.2392728
2c7u,1.900776,1.0024931
2cik,1.8859876,0.71661174
2ckb,2.7196393,0.48290497
2clr,2.2319868,1.4908276
2clv,2.1959062,0.45441645
2clz,1.7794551,0.70701367
2d31,1.89728,0.6126022
2dyp,2.3941305,0.5745235
2esv,1.4869611,0.60055727
2f54,2.5434158,0.7660052
2f74,1.8354594,0.73638976
2fo4,2.4892216,0.6722429
2fwo,2.1464243,0.9903112
2fz3,2.7359986,1.2916862
2git,1.1807842,0.51183426
2gt9,1.476919,0.68935215
2gtw,1.8972827,0.75529253
2guo,1.2888963,0.62869364
2h6p,1.8632998,1.1518563
2hjk,1.9619117,0.68053675
2hjl,2.141817,1.2021747
2hn7,2.3650868,0.7129174
2mha,2.15363,0.6067374
2nw3,1.6414845,0.90867555
2ol3,2.7010574,0.4732362
2pye,2.4379027,0.90433884
2rfx,1.6387227,0.86724883
2v2w,1.5481359,0.84023476
2v2x,1.1090606,0.5386263
2vaa,2.2002878,0.8054199
2vab,1.5952803,0.91993475
2ve6,2.477612,1.08942
2vlj,1.5608609,0.59525824
2vlk,1.586681,0.6288452
2vll,1.5886832,0.6376803
2vlr,2.0037098,1.2062205
2x4o,1.3441926,0.6129913
2x4r,1.4380095,0.82831466
2x4s,1.4025271,0.7066052
2x4t,1.9444377,1.301139
2x4u,2.2637265,0.8392316
2xpg,2.4390144,0.8468861
2yez,2.618782,1.5269828
2yf1,2.9757934,1.7203962
2yf5,2.52651,1.6228518
2yf6,2.201392,1.0204494
2ypk,1.8526727,0.74945277
2ypl,1.8169713,0.83231544
2zok,2.624095,1.1264094
2zol,2.4994686,1.3286859
3am8,1.3141145,0.6850106
3b3i,2.67342,1.30102
3b6s,2.7806406,1.3431596
3bgm,1.7204156,1.0782396
3bh8,2.2311218,1.3279535
3bh9,2.3737261,1.1666232
3bhb,2.3252118,1.260598
3bo8,0.9681419,0.69330585
3bp4,1.0049447,0.6110608
3bp7,1.3753898,0.9618301
3buy,2.2595553,0.656883
3bvn,2.4641368,0.70984447
3bwa,1.5633872,0.6757537
3bxn,2.0631852,0.7544643
3bze,2.09938,0.93254757
3bzf,1.6400607,0.92290753
3c8k,2.0144804,0.9314149
3c9n,2.078223,1.3724439
3cc5,2.6065774,0.88379353
3cch,2.949358,1.0654283
3cdg,1.871767,0.6404079
3cii,1.8502159,0.8210743
3cpl,1.4531732,0.7177568
3cvh,2.407881,0.84114856
3czf,2.6039777,0.91389066
3d25,2.2345743,1.1286094
3dx6,2.3558025,0.9309668
3dx7,2.5706315,1.0358654
3dx8,2.4637465,1.1782703
3dxa,2.2581432,1.197307
3e6f,2.2796211,0.91032994
3e6h,1.9457744,0.93532056
3fol,2.4612694,0.99529755
3fom,1.8554494,0.6188182
3fon,1.9536717,0.5329093
3fqr,2.3504136,1.5178802
3fqu,2.2414153,1.2871283
3fqw,1.6274868,0.8702737
3fqx,1.542229,0.9244971
3ft2,2.2510684,1.0388062
3ft3,2.163896,0.9926518
3ft4,2.4243572,0.91688305
3ftg,1.7005175,0.75364923
3giv,2.4931757,1.110893
3gjf,2.0144715,0.58983976
3gjg,2.2043142,0.614364
3gsn,1.4724064,0.8568868
3gso,1.341666,0.6327676
3gsq,1.1500163,0.5979491
3gsr,2.203623,1.4075341
3gsu,1.1286323,0.63542473
3gsv,1.385376,0.5139726
3gsw,1.3874457,0.6946648
3gsx,1.137837,0.63687384
3h7b,1.6545337,0.65813196
3h9h,1.6646613,0.7354898
3hae,2.2449627,0.8022487
3hpj,1.4434164,1.0801799
3i6g,2.2178838,0.7339105
3i6k,1.9205315,0.7504424
3i6l,1.7477107,0.8323345
3ixa,1.5852268,0.6417551
3jts,2.254604,1.0336196
3jtt,2.3260598,1.1766217
3kla,2.0235233,0.4777178
3kpl,2.449256,0.98565644
3kpm,2.0585933,1.0616871
3kpn,2.5040927,0.64574665
3kpo,2.2529,0.8746097
3kpp,2.305531,0.8924497
3kpq,2.1543868,0.7409158
3kyn,1.2391669,0.75140333
3kyo,1.9175088,0.5913111
3l3d,2.0487263,1.122962
3l3g,2.4330935,1.3350363
3l3h,2.3255463,1.1175818
3l3i,1.7626014,0.8015352
3l3j,2.0382292,0.73931223
3l3k,1.9452165,1.4067096
3lkn,2.2076592,0.74684864
3lko,1.9210671,0.8053796
3lkp,2.2241015,1.1474644
3lkq,1.81583,0.9365727
3lkr,1.5209653,0.6236337
3lks,1.6437786,0.546274
3ln4,2.570132,1.9845314
3ln5,2.3297608,1.4181354
3lv3,3.42107,0.894774
3mgo,1.808619,0.7856869
3mgt,2.419753,1.1633275
3mr9,1.2893058,0.8066023
3mrb,1.4798119,0.6877509
3mrc,1.5532793,0.96198976
3mrd,1.0598377,0.6063607
3mre,1.2646365,0.7481457
3mrf,1.2376035,0.5036534
3mrg,2.4744546,1.1637495
3mrh,1.9889472,1.2106444
3mri,2.633212,1.124155
3mrj,2.452316,1.1180208
3mrl,1.6453762,0.8413942
3mrm,1.5498054,1.0671464
3mrn,2.3658159,0.89192295
3mro,2.2223942,1.1291487
3mrp,1.6926844,1.2932874
3mrq,1.777451,1.0037286
3mrr,1.8985106,1.3379192
3mv7,2.0009604,1.0130438
3mv8,2.2969246,1.1910279
3mv9,2.3617864,0.8889255
3myj,1.4468919,0.85801756
3nfn,2.2691562,0.5898712
3ox8,2.330267,1.0092809
3oxr,2.1369295,0.99686414
3oxs,2.2883549,1.4258983
3p4m,1.8793933,0.53716487
3p4n,2.4166627,1.2285054
3p4o,1.2359672,0.482621
3p9l,2.2425995,0.74363166
3p9m,1.7773472,0.6957365
3pab,2.251967,1.0140333
3pqy,2.3932621,1.2433945
3pwj,1.9902446,0.5144671
3pwl,1.3994192,0.80033785
3pwn,2.0350287,0.62859243
3qdm,1.7529559,1.212016
3qfd,2.0714726,1.1390159
3qq3,2.1047356,1.1365945
3quk,1.5046132,0.614683
3qul,1.2749841,0.666714
3rew,1.416079,0.7224803
3rl1,1.4110316,0.7354754
3rl2,1.5304791,1.265958
3roo,2.4694073,0.5623508
3rwc,2.7907972,1.2344323
3rwd,3.1077936,1.1543432
3rwe,2.095434,1.1322839
3rwf,2.2696967,0.88423705
3rwg,1.8340228,0.8877951
3rwh,1.4691596,0.37061158
3rwi,2.4107995,1.6764169
3rwj,2.4831357,0.8785671
3skm,2.461337,1.0234718
3sko,2.1889389,1.1292806
3spv,1.6020119,0.30471647
3tbs,1.5978338,0.6265832
3tbt,1.8566389,0.7269107
3tbw,1.9285953,0.9393349
3tby,2.030984,0.88357174
3tid,2.2980247,0.6983062
3tie,1.2890029,0.45810047
3to2,1.258155,0.45810625
3upr,2.377851,0.9240607
3utq,2.153719,1.4042311
3uts,1.5547496,0.89018375
3utt,1.7593561,1.2797738
3v5d,1.7108899,0.45852244
3v5h,1.6329651,0.31076586
3v5k,1.9718348,0.6117107
3vcl,2.6175876,1.2181721
3vh8,2.4346576,1.1055782
3vj6,1.4531395,0.66086346
3vri,2.3603213,1.0926595
3vrj,1.8564413,1.1631552
3vxm,2.3169832,1.467855
3vxn,2.4415846,1.8233968
3vxo,2.5359006,0.8548186
3vxp,2.4031153,1.4238737
3w39,1.0549707,0.47835365
3wl9,2.2225177,1.0908164
3wlb,2.1730711,1.3299047
3ws3,2.4706538,1.0656023
3ws6,2.2372959,0.8745128
3wuw,1.6278933,0.9145861
3x11,1.5682161,0.7755598
3x12,2.1926997,1.1340653
3x13,2.112724,0.85574216
3x14,2.198697,0.8540999
4cvx,2.578547,1.5087812
4cvz,2.949304,1.2277415
4cw1,2.9005833,1.5434082
4d0b,2.686757,0.8791883
4d0c,2.1462722,1.2607418
4d0d,1.1252156,0.35806364
4e0r,2.0512307,0.60804254
4e5x,1.682864,0.6396215
4eup,1.377477,0.7963027
4euq,1.6834134,1.3990839
4f7m,1.8305767,0.8065721
4f7t,1.7235405,0.53662086
4g42,1.902516,0.821017
4g43,2.0358934,0.46667275
4g9d,2.4016597,1.2005206
4g9f,2.3647957,0.8284278
4gkn,1.6423182,1.1637905
4gks,1.7160267,1.3246559
4hkj,2.3687346,1.0311408
4hs3,2.4878564,0.56309223
4huu,2.0012636,0.88739514
4huv,2.4392416,1.0102166
4huw,1.9413073,0.81339836
4hux,2.0591414,0.6890516
4hv8,1.6896636,0.6158799
4hwz,2.0326045,0.728985
4hx1,2.6406364,1.037748
4i48,1.3305118,0.6108267
4i4w,2.297,0.4674824
4iho,2.631574,0.7944976
4jfo,1.8597102,1.4068432
4jqv,1.600113,0.42644316
4k7f,1.6219591,0.6132332
4l29,2.4681783,0.7277994
4l3c,2.2593927,0.6521881
4l8b,1.9334006,0.9407102
4l8c,2.0206099,0.8925268
4l8d,1.9579877,0.9325647
4lcy,2.3041484,0.8637473
4lnr,2.4355004,1.32016
4mj5,2.0101316,1.2323978
4mj6,3.43723,1.82369
4n8v,2.472336,0.80767876
4nnx,1.5833015,1.029023
4nny,1.7344923,0.63365453
4no2,2.8949075,1.7911483
4no3,1.9283078,1.0755883
4no5,1.46645,0.55650735
4nqv,1.6450776,0.7947043
4nqx,2.0798283,0.8364428
4nsk,1.8983655,0.76323354
4nt6,1.3783431,0.65077305
4o2c,1.3548508,0.76235837
4o2e,1.4194636,0.63609135
4o2f,2.4310746,1.5299983
4pg2,2.2661464,1.2040972
4pg9,1.4923543,0.73049515
4pgb,1.642474,0.93266124
4pgc,2.084292,1.636682
4pgd,1.6715913,1.2001966
4pge,2.3691983,1.3062919
4pr5,1.8958931,1.130238
4pra,2.779675,1.541749
4prb,2.4129493,1.4150877
4prd,2.1904774,1.5747423
4pre,2.9328957,1.2382125
4prh,2.2097821,1.2362013
4prn,2.0557122,1.2856987
4prp,2.6190603,1.6975853
4qrq,1.8842168,0.6844845
4qrr,1.6113477,1.0858254
4qrs,2.058705,0.6248898
4qrt,2.330605,0.9901881
4qru,2.3600118,0.6321729
4u1h,2.0471954,0.83949673
4u1i,1.6442789,0.7326895
4u1j,2.2007647,1.0084896
4u1k,1.823117,0.53174603
4u1l,1.81309,0.5010166
4u1m,1.8677287,0.86933565
4u1n,1.8345919,0.74061537
4u1s,1.3275931,0.6071378
4u6x,2.7801576,1.4035381
4wu5,2.3033497,0.8900391
4wu7,2.431335,0.84571385
4wuu,1.5348394,0.72966784
4z77,2.5643172,1.1977309
4z78,2.9981709,1.620211
5acz,2.0107145,0.70874983
5ad0,2.6021564,1.4192294
5b38,2.0968997,1.1864643
5b39,2.4472702,1.4852314
5c07,2.1601648,1.198899
5c08,1.6489506,0.8622886
5c09,2.2179215,1.261687
5c0a,1.894855,1.1162498
5c0b,2.4878452,1.6149491
5c0c,2.7019796,1.4191976
5c0d,2.0541294,1.1996703
5c0e,2.4457107,1.6037494
5c0f,2.3876884,1.3266091
5c0g,2.4679775,1.4660574
5c0h,2.383484,1.1701689
5c0i,2.228155,1.1324084
5c0j,2.8773167,0.84560955
5d9s,1.5167187,0.81055754
5e00,2.2968655,0.9908781
5e8n,1.5680946,0.8547572
5e8o,2.4428825,1.3589162
5e8p,2.9408855,1.6899647
5e9d,1.571961,0.9810687
5enw,1.1797129,0.29790047
5eo0,2.081305,0.8110892
5eo1,1.6280013,0.9330475
5eot,2.8403518,1.9344232
5eu3,1.0757997,0.48623705
5eu5,1.332279,0.66703975
5euo,1.567675,0.79027176
5f7d,2.1022923,0.8364359
5f9j,1.2072489,0.5204975
5fa3,1.9890779,0.6483424
5fa4,2.7824712,2.3004384
5h94,1.4335599,0.77322674
5hga,2.0550802,0.75602436
5hgb,2.0707374,0.98173076
5hgd,2.3169975,1.2427424
5hgh,2.54586,1.2097398
5hhm,1.8810136,0.8056755
5hhn,2.18667,1.0789776
5hho,1.577564,0.5346574
5hhp,2.2306104,0.8032651
5hhq,2.4733381,0.81351554
5hyj,2.060664,1.2629789
5iro,2.6131735,0.5522641
5j6g,1.1963588,0.60998034
5j6h,1.1246314,0.24777567
5m00,1.6710593,0.59235847
5m01,0.9253124,0.5075829
5meo,2.4205782,0.53191537
5n6b,1.4979808,0.93722874
5nmh,2.4763393,1.2064841
5nmk,2.0568902,1.0179646
5npz,2.09991,0.72689605
5nqk,1.7507753,1.243199
5trz,2.8340948,1.4978275
5ts1,2.1170235,1.0664423
5txs,2.8352807,1.2205296
5vz5,2.589917,1.6713719
5wli,1.8827262,0.7057799
5wmn,1.8827211,1.1753016
5wmo,2.0483403,0.5498701
5wmp,1.548457,1.4382482
5wmq,2.2750304,0.85981876
5wmr,1.7924397,0.5646637
5wsh,1.990493,0.8475802
5wwi,2.9756453,1.1507438
6at9,2.1686773,1.1347933
